"(116, 8)","(115, 9)","(114, 9)","(113, 9)","(112, 10)","(111, 10)","(110, 10)","(109, 11)","(108, 11)","(107, 12)","(106, 12)","(105, 13)","(104, 14)","(104, 13)","(103, 14)","(102, 14)","(102, 15)","(102, 16)","(101, 17)","(100, 17)","(99, 17)","(98, 16)","(99, 15)","(100, 14)"
"(110, 13)","(111, 13)","(110, 14)","(109, 14)","(108, 15)","(108, 14)","(107, 15)","(106, 15)","(105, 16)","(104, 17)","(104, 16)","(103, 16)"
"(97, 17)","(98, 17)","(97, 18)","(98, 19)"
"(96, 18)","(96, 19)","(95, 19)","(95, 20)","(94, 21)","(93, 21)","(93, 22)","(94, 23)"
"(92, 23)","(92, 24)","(91, 25)","(91, 26)","(90, 27)","(90, 28)","(89, 28)","(89, 29)","(89, 30)","(89, 31)","(89, 32)","(88, 33)","(88, 34)","(87, 35)","(87, 36)","(88, 35)","(89, 36)","(90, 35)","(90, 34)"
"(89, 37)","(89, 38)","(89, 39)","(89, 40)","(89, 41)"
"(87, 37)","(87, 38)","(87, 39)","(87, 40)","(87, 41)","(87, 42)","(86, 43)","(86, 44)","(86, 45)","(86, 46)","(86, 47)","(86, 48)","(86, 49)","(86, 50)","(85, 51)","(85, 52)","(84, 52)","(84, 53)","(83, 54)"
"(83, 56)","(82, 57)","(83, 57)","(82, 58)","(82, 59)","(83, 60)","(83, 59)","(84, 58)","(85, 59)"
"(82, 61)","(82, 62)","(82, 63)","(82, 64)","(81, 65)","(81, 66)","(81, 67)","(81, 68)","(81, 69)","(82, 69)","(81, 70)","(81, 71)","(82, 71)","(82, 72)","(83, 73)","(83, 74)","(83, 75)","(84, 76)","(84, 77)","(85, 77)","(86, 78)","(87, 78)","(88, 78)","(89, 77)","(90, 77)","(90, 78)","(90, 79)","(90, 80)","(91, 80)","(90, 81)","(91, 82)","(91, 83)","(91, 84)","(91, 85)","(92, 85)","(92, 86)","(91, 86)","(92, 87)","(92, 88)","(92, 89)","(93, 90)","(93, 91)","(93, 92)","(93, 93)","(93, 94)","(94, 95)","(93, 96)"
"(91, 94)","(92, 94)","(91, 95)","(90, 95)","(89, 96)","(88, 97)","(87, 97)","(86, 97)","(85, 97)","(84, 97)","(84, 98)","(83, 98)","(83, 99)","(82, 100)","(82, 99)","(81, 99)","(80, 99)","(79, 99)","(78, 100)","(77, 100)","(76, 100)","(75, 101)","(74, 101)","(73, 102)","(72, 102)","(71, 102)","(70, 103)","(69, 103)","(69, 104)","(68, 103)","(67, 104)","(67, 105)","(68, 104)","(69, 105)","(69, 106)","(69, 107)","(69, 108)","(69, 109)","(69, 110)","(69, 111)","(68, 112)","(68, 113)","(68, 114)","(69, 115)","(70, 114)","(70, 113)","(70, 112)"
"(69, 116)","(69, 117)","(69, 118)","(70, 119)","(70, 120)","(70, 121)"
"(71, 116)","(71, 117)","(71, 118)","(72, 119)","(72, 120)","(72, 121)","(73, 122)","(73, 123)","(72, 122)","(71, 123)","(71, 124)","(71, 125)"
"(73, 124)","(73, 125)","(73, 126)","(72, 127)"
"(70, 127)","(70, 128)","(71, 129)","(71, 130)","(71, 131)","(71, 132)","(71, 133)","(71, 134)","(72, 135)","(73, 135)","(72, 136)","(72, 137)","(72, 138)","(72, 139)"
"(75, 136)","(74, 137)","(73, 137)","(74, 138)","(74, 139)","(74, 140)","(74, 141)","(74, 142)","(74, 143)","(73, 144)","(73, 145)"
"(76, 138)","(76, 139)","(76, 140)","(76, 141)","(76, 142)","(76, 143)"
"(87, 137)","(87, 138)","(87, 139)","(86, 139)","(86, 140)","(85, 140)","(85, 141)","(84, 142)","(83, 143)","(82, 144)","(81, 145)","(80, 145)","(80, 144)","(80, 143)","(80, 142)","(81, 141)","(81, 142)"
"(90, 130)","(89, 131)","(88, 132)","(88, 133)","(88, 134)","(87, 135)","(87, 136)","(86, 135)","(85, 135)","(84, 135)","(84, 136)","(84, 137)","(84, 138)","(83, 139)","(82, 140)","(81, 139)","(81, 138)","(81, 137)","(82, 137)","(82, 136)","(81, 135)"
"(80, 122)","(80, 123)","(80, 124)","(80, 125)","(80, 126)","(80, 127)","(79, 128)","(79, 129)","(79, 130)","(80, 131)","(80, 132)","(80, 133)","(80, 134)","(80, 135)","(79, 134)","(78, 134)","(77, 133)","(76, 134)"
"(73, 129)","(73, 130)","(73, 131)","(73, 132)","(73, 133)"
"(68, 135)","(68, 136)","(68, 137)","(67, 138)","(67, 139)","(67, 140)","(67, 141)","(67, 142)","(67, 143)","(67, 144)","(67, 145)","(67, 146)"
"(69, 140)","(69, 141)","(69, 142)","(69, 143)","(69, 144)","(69, 145)","(69, 146)","(69, 147)"
"(68, 149)","(68, 150)","(68, 151)","(68, 152)","(68, 153)"
"(79, 152)","(80, 152)","(79, 153)","(78, 154)","(78, 155)","(77, 156)","(76, 156)","(76, 157)","(75, 157)","(75, 158)","(74, 158)","(74, 159)","(74, 160)","(73, 160)","(73, 161)","(73, 162)","(73, 163)","(72, 164)","(72, 165)","(72, 166)","(72, 167)","(73, 167)"
"(88, 143)","(89, 143)","(89, 144)","(90, 144)","(90, 145)","(90, 146)","(90, 147)","(90, 148)","(90, 149)","(90, 150)","(89, 150)","(89, 151)","(88, 151)","(88, 152)","(87, 152)","(87, 153)","(86, 153)","(86, 154)","(85, 154)","(85, 155)","(84, 156)","(83, 156)","(82, 156)","(83, 157)","(83, 158)","(82, 158)","(82, 159)","(81, 159)","(81, 160)","(80, 160)","(80, 161)","(79, 161)","(79, 162)","(78, 162)","(78, 163)","(78, 164)","(77, 164)","(77, 165)","(76, 165)","(76, 166)","(75, 166)","(75, 167)","(74, 167)","(74, 168)","(74, 169)","(73, 170)"
"(89, 163)","(90, 163)","(89, 164)","(89, 165)","(88, 165)","(88, 166)","(88, 167)","(87, 167)","(86, 167)","(86, 168)","(86, 169)","(86, 170)","(85, 171)","(84, 171)","(83, 172)","(82, 171)","(81, 170)","(82, 169)","(82, 168)","(82, 167)","(83, 166)","(83, 167)","(84, 166)"
"(87, 170)","(88, 170)","(89, 171)","(88, 172)","(87, 172)","(86, 173)","(85, 173)","(85, 174)","(85, 175)","(84, 176)","(83, 177)","(82, 178)","(81, 179)"
"(79, 177)","(80, 177)","(79, 178)","(78, 179)","(78, 178)"
"(88, 174)","(88, 175)","(87, 175)","(87, 176)","(86, 177)","(86, 178)","(85, 179)","(85, 178)"
"(95, 171)","(95, 172)","(94, 173)","(93, 173)","(92, 173)","(91, 172)","(91, 173)","(90, 173)","(89, 174)","(90, 175)","(90, 176)","(89, 177)","(90, 177)","(91, 178)","(90, 179)","(89, 178)","(89, 179)"
"(97, 171)","(98, 171)","(97, 172)","(97, 173)","(98, 174)","(98, 173)","(99, 174)","(100, 175)","(99, 176)","(98, 176)","(97, 177)","(98, 178)","(97, 179)","(96, 179)","(97, 178)","(96, 177)","(95, 177)","(94, 176)","(93, 175)","(93, 176)"
"(100, 178)","(100, 179)","(101, 178)","(102, 179)","(103, 179)","(104, 179)"
"(107, 176)","(106, 177)","(106, 178)"
"(109, 176)","(108, 177)","(109, 177)","(109, 178)","(109, 179)","(110, 179)","(111, 179)","(112, 179)","(112, 178)","(112, 177)","(113, 176)","(114, 176)"
"(114, 173)","(115, 173)","(116, 174)","(117, 174)","(118, 173)"
"(117, 169)","(118, 170)","(119, 171)","(118, 171)","(118, 172)","(117, 171)","(116, 171)","(115, 171)","(114, 170)","(113, 170)","(113, 171)","(112, 172)","(111, 172)"
"(110, 170)","(109, 171)","(109, 172)"
"(105, 170)","(104, 171)","(104, 172)","(104, 173)","(105, 173)","(106, 172)","(107, 172)"
"(111, 166)","(112, 166)","(111, 167)","(110, 168)","(109, 168)","(108, 169)"
"(106, 167)","(106, 168)","(105, 168)"
"(104, 164)","(104, 165)","(103, 166)","(103, 167)","(103, 168)","(103, 169)","(102, 168)","(101, 169)"
"(98, 167)","(99, 167)","(100, 167)","(101, 167)"
"(99, 164)","(99, 165)","(100, 164)","(101, 165)"
"(97, 163)","(98, 163)","(98, 164)","(97, 165)"
"(101, 156)","(101, 157)","(100, 158)","(99, 158)","(98, 159)","(99, 160)","(100, 160)","(99, 161)","(99, 162)","(98, 161)","(97, 161)","(96, 161)","(95, 161)","(95, 162)","(94, 162)","(95, 163)","(95, 164)"
"(91, 163)","(92, 163)","(92, 164)","(93, 164)","(93, 165)","(94, 166)","(93, 167)","(93, 168)"
"(91, 166)","(91, 167)","(91, 168)"
"(97, 169)","(98, 169)","(99, 169)","(99, 170)","(100, 171)"
"(101, 174)","(101, 175)","(102, 174)"
"(111, 176)","(111, 177)","(110, 177)"
"(120, 176)","(119, 177)","(118, 178)","(117, 179)","(116, 179)","(115, 179)","(114, 179)"
"(122, 177)","(122, 178)","(122, 179)","(121, 178)","(120, 179)","(120, 178)"
"(120, 166)","(120, 167)","(121, 166)","(122, 167)","(122, 168)","(122, 169)","(123, 170)","(123, 171)","(122, 172)","(122, 173)","(122, 174)","(122, 175)","(123, 176)","(124, 176)","(125, 176)"
"(128, 175)","(127, 176)","(127, 177)"
"(124, 178)","(125, 178)","(126, 179)","(127, 179)","(128, 179)"
"(130, 179)","(131, 179)","(132, 179)"
"(131, 173)","(131, 174)","(132, 174)","(133, 174)","(134, 174)","(135, 175)"
"(132, 168)","(132, 169)","(131, 170)","(132, 171)","(133, 171)","(134, 170)","(135, 170)","(135, 171)","(135, 172)","(136, 173)","(137, 172)","(137, 171)","(137, 170)","(137, 169)","(138, 168)"
"(139, 165)","(138, 166)","(139, 167)","(140, 166)","(140, 167)"
"(139, 170)","(140, 170)","(139, 171)","(139, 172)","(138, 172)","(137, 173)","(138, 174)","(139, 174)"
"(142, 170)","(141, 171)","(141, 172)","(141, 173)","(141, 174)","(142, 173)","(143, 173)","(143, 172)","(144, 171)","(145, 171)"
"(148, 171)","(148, 172)","(149, 171)","(150, 171)","(150, 172)","(150, 173)","(150, 174)","(149, 174)","(148, 174)","(147, 174)","(147, 175)","(146, 174)","(145, 175)","(145, 176)"
"(141, 176)","(142, 176)","(143, 176)"
"(148, 176)","(148, 177)","(148, 178)","(147, 178)","(146, 178)","(145, 178)","(144, 178)","(143, 179)","(142, 178)","(142, 179)","(141, 179)","(140, 179)","(139, 179)","(138, 179)","(137, 179)","(137, 178)","(137, 177)","(138, 177)"
"(138, 163)","(137, 164)","(136, 165)","(135, 165)","(135, 166)","(136, 167)","(136, 168)","(135, 167)","(134, 168)"
"(130, 165)","(130, 166)","(130, 167)","(131, 166)","(132, 165)","(133, 165)"
"(128, 157)","(129, 158)","(129, 159)","(128, 159)","(128, 160)","(128, 161)","(129, 162)","(129, 163)","(130, 164)","(131, 163)","(131, 162)"
"(133, 157)","(132, 158)","(132, 159)","(132, 160)"
"(134, 160)","(134, 161)","(135, 161)","(136, 161)"
"(134, 159)","(135, 159)","(136, 159)","(137, 159)"
"(134, 157)","(135, 157)","(136, 157)","(137, 157)"
"(132, 155)","(133, 155)","(134, 155)","(135, 155)","(136, 155)","(137, 155)","(138, 155)","(139, 155)","(140, 155)","(141, 155)","(142, 155)","(143, 155)","(144, 155)","(145, 155)","(145, 156)","(145, 157)"
"(148, 157)","(149, 157)","(148, 158)","(147, 159)","(146, 159)","(145, 160)","(145, 159)","(144, 159)","(143, 158)","(143, 159)","(143, 160)"
"(144, 163)","(144, 164)","(143, 165)"
"(139, 161)","(140, 162)","(140, 163)","(141, 163)"
"(151, 158)","(150, 159)","(149, 160)","(148, 161)"
"(146, 155)","(147, 155)","(147, 156)","(148, 155)","(149, 155)","(150, 155)","(151, 156)","(152, 156)","(153, 156)","(154, 156)","(155, 156)"
"(158, 147)","(157, 148)","(157, 149)","(156, 150)","(156, 151)","(157, 152)","(157, 153)","(157, 154)","(156, 154)","(155, 154)","(154, 154)","(153, 154)","(152, 154)","(151, 153)","(151, 152)","(150, 153)","(149, 153)","(148, 153)","(147, 153)","(146, 153)","(146, 152)","(145, 153)","(144, 152)","(143, 152)","(142, 153)","(141, 153)","(140, 153)","(139, 153)","(138, 153)","(137, 152)","(137, 153)","(136, 153)"
"(120, 147)","(119, 148)","(118, 148)","(118, 149)","(118, 150)","(119, 151)","(119, 150)","(120, 150)","(121, 149)","(122, 150)","(122, 151)","(122, 152)","(121, 153)","(122, 154)","(123, 154)","(124, 154)","(125, 154)","(126, 153)","(127, 153)","(128, 153)","(129, 152)","(130, 152)","(131, 152)","(132, 152)","(133, 151)","(133, 152)","(133, 153)","(134, 153)","(135, 153)","(135, 152)","(135, 151)"
"(142, 146)","(142, 147)","(142, 148)","(141, 149)","(140, 149)"
"(139, 140)","(139, 141)","(139, 142)","(139, 143)","(139, 144)","(139, 145)","(139, 146)","(139, 147)","(140, 146)"
"(141, 141)","(141, 142)","(141, 143)","(141, 144)"
"(150, 137)","(150, 138)","(150, 139)","(149, 140)","(149, 141)","(148, 140)","(147, 140)","(146, 140)","(146, 141)","(145, 142)","(145, 143)","(144, 142)","(143, 142)"
"(145, 144)","(144, 145)","(144, 146)","(144, 147)","(145, 147)","(146, 148)","(147, 148)","(148, 148)","(149, 147)","(149, 146)"
"(147, 143)","(148, 143)","(147, 144)","(146, 145)","(147, 146)"
"(151, 147)","(150, 148)","(150, 149)","(151, 150)","(152, 149)"
"(154, 144)","(154, 145)","(154, 146)"
"(159, 147)","(159, 148)","(160, 149)","(161, 149)"
"(164, 141)","(165, 142)","(164, 142)","(163, 143)","(163, 144)","(163, 145)","(163, 146)","(164, 146)","(165, 147)","(165, 148)","(164, 147)","(163, 148)","(163, 149)","(164, 150)","(165, 150)","(165, 151)","(166, 151)","(167, 150)","(167, 151)","(168, 151)","(169, 151)","(170, 150)","(171, 149)","(171, 150)","(170, 151)","(171, 152)","(172, 153)","(173, 152)","(174, 152)","(175, 151)","(175, 150)","(174, 149)","(174, 148)","(174, 147)"
"(173, 128)","(173, 129)","(173, 130)","(173, 131)","(173, 132)","(174, 133)","(174, 134)","(174, 135)","(174, 136)","(174, 137)","(174, 138)","(174, 139)","(174, 140)","(174, 141)","(174, 142)","(174, 143)","(174, 144)","(174, 145)"
"(172, 136)","(172, 137)","(172, 138)","(172, 139)","(172, 140)","(172, 141)","(172, 142)","(172, 143)","(172, 144)"
"(172, 133)","(172, 134)","(172, 135)","(171, 134)","(170, 134)","(169, 135)","(168, 135)","(168, 136)","(168, 137)","(168, 138)","(167, 139)","(167, 140)","(167, 141)","(167, 142)","(168, 143)","(168, 142)","(169, 142)","(170, 141)","(170, 142)","(170, 143)","(170, 144)","(169, 145)","(168, 146)","(169, 147)","(169, 146)","(170, 147)"
"(162, 152)","(163, 153)","(163, 154)","(164, 154)","(165, 155)","(166, 155)","(165, 154)","(165, 153)","(166, 152)","(166, 153)"
"(168, 157)","(168, 158)","(169, 157)"
"(159, 150)","(159, 151)","(159, 152)","(159, 153)","(159, 154)","(160, 154)","(160, 155)","(161, 155)","(161, 156)","(162, 157)","(162, 156)","(163, 157)","(164, 158)","(165, 159)","(165, 158)","(166, 159)","(167, 160)","(168, 159)","(169, 160)","(170, 161)","(171, 161)","(171, 160)","(171, 159)","(171, 158)","(170, 157)","(171, 156)","(172, 155)","(172, 154)","(173, 155)","(173, 156)","(174, 155)","(174, 156)","(175, 157)","(175, 158)","(176, 158)","(177, 159)","(178, 158)","(179, 159)","(179, 160)"
"(181, 108)","(182, 108)","(181, 109)","(181, 110)","(181, 111)","(181, 112)","(180, 113)","(180, 114)","(180, 115)","(180, 116)","(180, 117)","(180, 118)","(180, 119)","(180, 120)","(180, 121)","(180, 122)","(180, 123)","(180, 124)","(180, 125)","(180, 126)","(180, 127)","(180, 128)","(180, 129)","(180, 130)","(180, 131)","(180, 132)","(180, 133)","(180, 134)","(180, 135)","(180, 136)","(180, 137)","(180, 138)","(180, 139)","(180, 140)","(180, 141)","(180, 142)","(180, 143)","(180, 144)","(180, 145)","(180, 146)","(180, 147)","(180, 148)","(180, 149)","(181, 150)","(181, 151)","(181, 152)","(181, 153)","(181, 154)","(181, 155)","(181, 156)","(182, 157)","(182, 158)","(181, 159)","(181, 160)","(182, 159)","(183, 160)","(183, 159)","(184, 158)","(184, 157)","(184, 156)","(184, 155)","(184, 154)","(183, 153)","(183, 152)","(183, 151)","(183, 150)","(183, 149)","(183, 148)","(183, 147)","(182, 146)","(182, 145)","(182, 144)","(182, 143)","(182, 142)","(182, 141)","(182, 140)","(182, 139)","(182, 138)","(182, 137)"
"(176, 134)","(176, 135)","(176, 136)","(176, 137)","(176, 138)","(176, 139)","(176, 140)","(176, 141)"
"(177, 150)","(176, 151)","(176, 152)","(176, 153)","(177, 154)","(177, 153)"
"(179, 155)","(179, 156)","(180, 156)"
"(181, 161)","(181, 162)","(180, 162)"
"(173, 158)","(172, 159)","(173, 159)","(174, 160)","(175, 160)","(176, 161)","(176, 162)","(177, 163)","(177, 162)","(178, 163)","(179, 164)","(179, 165)","(178, 165)","(178, 166)","(178, 167)","(177, 167)"
"(168, 162)","(169, 162)","(169, 163)","(170, 163)","(170, 164)","(171, 165)","(172, 165)","(173, 165)","(174, 165)","(174, 166)","(174, 167)","(175, 167)","(175, 168)","(175, 169)","(176, 169)","(176, 170)","(177, 171)","(177, 172)","(177, 173)","(177, 174)"
"(172, 172)","(172, 173)","(172, 174)","(172, 175)","(172, 176)","(172, 177)","(173, 177)","(174, 177)","(174, 176)","(174, 175)","(174, 174)","(174, 173)","(174, 172)"
"(171, 169)","(171, 170)","(172, 171)","(173, 170)","(173, 169)"
"(167, 164)","(168, 165)","(169, 166)","(169, 167)","(170, 167)","(170, 168)","(169, 169)"
"(155, 168)","(155, 169)","(155, 170)","(155, 171)","(156, 170)","(157, 170)","(158, 171)","(159, 170)","(159, 171)","(158, 172)","(157, 172)","(157, 173)","(156, 174)","(156, 175)","(157, 176)","(157, 177)","(158, 177)","(158, 178)","(159, 179)","(159, 178)","(160, 179)","(160, 178)","(161, 177)","(161, 178)","(162, 177)","(163, 178)","(163, 177)","(164, 178)","(165, 178)","(166, 178)","(167, 178)","(166, 177)","(165, 176)","(164, 175)","(163, 174)","(163, 173)","(163, 172)","(164, 171)","(165, 172)","(166, 171)","(166, 172)"
"(166, 174)","(167, 175)","(168, 174)","(169, 174)","(170, 175)"
"(166, 176)","(167, 176)","(168, 176)","(169, 177)","(169, 178)"
"(160, 171)","(161, 172)","(161, 171)","(162, 172)"
"(155, 172)","(154, 173)","(154, 174)","(154, 175)","(154, 176)","(154, 177)","(155, 177)","(155, 178)","(156, 179)"
"(149, 176)","(150, 176)","(150, 177)","(151, 176)","(152, 176)","(152, 177)","(152, 178)","(151, 178)","(150, 179)","(150, 178)"
"(158, 159)","(158, 160)","(158, 161)","(157, 162)","(156, 163)","(156, 164)","(157, 165)","(157, 166)"
"(153, 163)","(154, 164)","(154, 163)","(155, 163)"
"(153, 159)","(154, 159)","(153, 160)","(154, 161)","(155, 161)","(156, 160)","(156, 159)"
"(157, 156)","(158, 157)","(158, 156)","(159, 157)","(160, 158)","(160, 159)","(160, 160)"
"(162, 159)","(162, 160)","(163, 160)","(164, 161)","(165, 162)","(165, 161)","(166, 162)"
"(183, 161)","(183, 162)","(184, 163)","(184, 164)","(184, 165)","(184, 166)","(185, 167)","(185, 168)","(185, 169)","(184, 170)","(184, 171)","(183, 172)"
"(182, 174)","(183, 174)","(184, 175)","(183, 176)","(183, 177)","(183, 178)","(184, 179)","(185, 179)","(186, 179)","(187, 178)"
"(185, 159)","(185, 160)","(185, 161)","(185, 162)","(186, 163)","(186, 164)","(186, 165)","(187, 166)","(187, 167)","(187, 168)","(188, 169)","(188, 170)","(188, 171)","(189, 172)","(189, 173)","(189, 174)","(190, 175)","(190, 176)","(190, 177)","(190, 178)","(189, 179)"
"(187, 174)","(186, 175)","(185, 176)","(185, 177)"
"(186, 170)","(186, 171)","(187, 172)","(187, 173)","(186, 172)","(185, 173)"
"(185, 108)","(186, 108)","(186, 109)","(187, 110)","(187, 109)","(188, 110)","(189, 110)","(190, 111)","(190, 110)","(191, 111)","(192, 112)","(193, 112)","(194, 112)","(195, 113)","(196, 113)","(197, 114)","(198, 114)","(199, 115)","(200, 115)","(201, 116)","(202, 116)","(203, 116)","(204, 117)","(205, 117)","(206, 117)","(207, 118)","(208, 119)","(208, 118)","(209, 119)","(210, 120)","(211, 120)","(211, 121)","(212, 121)","(212, 122)","(213, 122)","(213, 123)","(214, 123)","(214, 124)","(215, 124)","(215, 125)","(216, 125)","(216, 126)","(217, 126)","(217, 127)","(218, 127)","(218, 128)","(218, 129)","(219, 130)","(219, 131)","(220, 132)","(220, 133)","(220, 134)","(221, 135)","(221, 136)","(221, 137)","(222, 138)","(222, 139)","(222, 140)","(222, 141)","(223, 142)","(223, 143)","(223, 144)","(223, 145)","(224, 146)","(224, 147)","(224, 148)","(225, 149)","(225, 150)","(225, 151)","(225, 152)","(225, 153)","(225, 154)","(225, 155)","(225, 156)","(225, 157)","(225, 158)","(225, 159)","(225, 160)","(225, 161)","(225, 162)","(225, 163)","(224, 164)","(224, 165)","(224, 166)","(224, 167)","(224, 168)","(223, 169)","(223, 170)","(223, 171)","(224, 172)","(224, 173)","(224, 174)","(225, 175)","(225, 176)","(226, 177)","(226, 178)","(227, 179)"
"(202, 123)","(203, 123)","(204, 123)","(205, 123)","(206, 123)","(206, 124)","(207, 125)","(207, 124)"
"(189, 119)","(189, 120)","(190, 120)","(191, 121)","(192, 122)","(193, 122)","(192, 121)","(193, 120)","(193, 121)","(194, 120)","(195, 120)","(196, 120)","(196, 121)","(197, 121)","(197, 122)","(198, 121)","(199, 121)","(198, 122)","(198, 123)","(199, 123)","(200, 123)","(201, 122)","(201, 121)","(200, 121)"
"(185, 114)","(186, 114)","(186, 115)","(187, 115)","(187, 116)","(188, 116)","(188, 117)","(188, 118)","(187, 119)"
"(178, 102)","(179, 103)","(180, 104)","(181, 104)","(182, 105)","(183, 105)","(183, 106)","(184, 107)","(184, 108)","(184, 109)","(183, 110)","(183, 111)","(183, 112)","(183, 113)","(183, 114)","(182, 115)","(182, 116)","(182, 117)","(182, 118)","(182, 119)","(182, 120)","(182, 121)","(182, 122)","(182, 123)","(182, 124)","(182, 125)"
"(175, 122)","(175, 123)","(175, 124)","(175, 125)","(174, 126)","(175, 127)","(176, 126)"
"(175, 128)","(175, 129)","(175, 130)","(176, 131)"
"(173, 122)","(173, 123)","(173, 124)"
"(172, 113)","(172, 114)","(172, 115)","(172, 116)","(172, 117)","(172, 118)","(172, 119)","(172, 120)","(173, 121)","(174, 120)","(174, 119)","(174, 118)","(174, 117)","(174, 116)","(174, 115)"
"(176, 101)","(177, 101)","(177, 102)","(176, 103)","(176, 104)","(176, 105)","(176, 106)","(176, 107)","(176, 108)","(175, 109)","(175, 110)","(175, 111)","(175, 112)","(175, 113)","(174, 114)","(174, 113)","(173, 112)","(173, 111)","(173, 110)","(173, 109)"
"(175, 101)","(175, 102)","(174, 103)","(174, 104)","(174, 105)","(174, 106)","(174, 107)"
"(162, 96)","(163, 96)","(163, 97)","(163, 98)","(164, 97)","(165, 97)","(166, 97)","(167, 97)","(168, 98)","(169, 98)","(170, 99)","(171, 100)","(171, 99)","(172, 100)","(173, 100)"
"(164, 100)","(164, 101)","(164, 102)","(164, 103)","(164, 104)","(164, 105)","(164, 106)","(164, 107)"
"(162, 99)","(162, 100)","(162, 101)","(162, 102)","(162, 103)","(162, 104)","(162, 105)","(162, 106)","(162, 107)","(162, 108)","(162, 109)","(162, 110)","(162, 111)","(162, 112)","(161, 113)","(161, 114)","(161, 115)","(161, 116)","(161, 117)","(160, 118)","(160, 119)","(160, 120)","(160, 121)","(159, 122)","(159, 123)","(159, 124)"
"(156, 122)","(157, 123)","(157, 124)"
"(155, 125)","(156, 126)","(156, 127)"
"(158, 126)","(158, 127)","(158, 128)","(157, 129)","(157, 130)","(156, 131)","(155, 130)","(155, 131)","(154, 131)","(153, 130)","(152, 131)"
"(148, 131)","(149, 131)","(150, 132)","(151, 133)","(152, 133)","(153, 133)","(154, 133)"
"(156, 133)","(156, 134)","(155, 135)","(154, 135)","(153, 136)","(153, 137)","(154, 137)"
"(160, 133)","(160, 134)","(160, 135)","(161, 134)","(162, 134)","(163, 135)","(164, 135)","(165, 135)","(165, 136)","(166, 136)","(166, 137)","(166, 138)","(165, 139)","(165, 138)","(164, 139)","(163, 139)","(162, 139)","(162, 138)","(161, 138)","(161, 137)","(160, 136)","(160, 137)"
"(154, 122)","(154, 123)","(153, 124)","(153, 125)","(153, 126)","(152, 127)","(152, 128)","(151, 129)","(151, 128)","(150, 127)","(149, 127)"
"(144, 127)","(145, 127)","(146, 128)","(147, 128)","(146, 129)","(146, 130)","(147, 130)","(148, 129)","(149, 129)"
"(141, 126)","(140, 127)","(141, 128)","(142, 127)","(142, 126)","(143, 127)","(142, 128)","(143, 129)","(144, 129)","(145, 130)","(144, 131)","(144, 132)","(145, 133)"
"(135, 129)","(134, 130)","(133, 131)","(134, 132)","(135, 132)","(136, 132)","(137, 131)","(138, 132)","(139, 131)","(140, 130)"
"(137, 125)","(138, 125)","(139, 126)","(139, 127)","(138, 127)","(137, 127)","(136, 126)","(136, 127)","(135, 127)"
"(130, 125)","(129, 126)","(130, 126)","(131, 126)","(132, 126)","(133, 126)"
"(132, 119)","(132, 120)","(132, 121)","(133, 121)","(133, 122)","(134, 121)","(135, 121)","(135, 122)","(135, 123)","(134, 123)","(133, 123)","(132, 124)","(131, 124)","(130, 124)","(129, 124)","(128, 123)","(127, 123)"
"(124, 118)","(125, 118)","(124, 119)","(125, 120)","(125, 121)","(125, 122)","(126, 121)","(127, 121)","(128, 121)","(129, 121)","(128, 120)","(128, 119)","(128, 118)"
"(116, 112)","(116, 113)","(117, 113)","(117, 114)","(118, 115)","(119, 116)","(120, 117)","(120, 116)","(121, 117)","(122, 117)","(123, 118)","(123, 117)","(124, 116)","(125, 116)","(126, 116)","(126, 115)","(127, 114)","(126, 114)","(125, 114)","(124, 114)","(123, 114)","(122, 114)","(121, 114)","(120, 113)"
"(116, 107)","(117, 108)","(118, 107)","(118, 108)","(117, 109)","(116, 110)","(117, 110)","(117, 111)","(118, 110)","(119, 110)","(120, 111)"
"(123, 108)","(123, 109)","(123, 110)","(122, 111)","(123, 112)"
"(128, 104)","(127, 105)","(126, 105)","(127, 106)","(128, 107)","(127, 108)","(126, 108)","(125, 109)","(124, 110)","(125, 111)","(126, 111)","(127, 112)","(127, 111)","(128, 112)","(129, 112)","(130, 113)","(129, 114)","(130, 114)","(131, 113)","(131, 112)","(131, 111)","(132, 111)","(133, 111)","(134, 111)","(134, 110)","(135, 109)","(135, 108)"
"(135, 105)","(134, 106)","(133, 107)","(132, 107)","(132, 108)","(132, 109)","(131, 109)","(130, 110)","(129, 109)","(129, 110)","(128, 109)"
"(130, 103)","(130, 104)","(130, 105)","(129, 106)","(130, 107)","(131, 106)","(132, 105)","(132, 104)","(133, 104)","(134, 105)","(135, 104)","(135, 103)"
"(130, 95)","(129, 96)","(129, 97)","(128, 97)","(127, 98)","(127, 97)","(126, 98)","(125, 98)","(124, 98)","(123, 99)","(122, 99)","(121, 99)","(120, 99)","(119, 99)","(118, 99)","(117, 99)","(116, 98)","(116, 99)","(115, 98)"
"(111, 94)","(112, 94)","(112, 95)","(113, 96)","(113, 97)","(113, 98)","(114, 98)","(115, 97)","(115, 96)"
"(132, 89)","(133, 89)","(133, 90)","(132, 91)","(133, 92)","(132, 92)","(131, 92)","(130, 93)","(129, 93)","(128, 94)","(128, 93)","(127, 93)","(126, 94)","(126, 93)","(125, 94)","(124, 94)","(124, 95)","(124, 96)","(123, 96)","(122, 96)","(121, 97)","(121, 96)","(120, 97)","(119, 96)","(119, 95)","(118, 94)","(117, 94)","(116, 94)","(115, 94)","(114, 94)","(113, 94)","(113, 93)","(113, 92)","(114, 92)","(115, 92)"
"(118, 83)","(117, 84)","(117, 85)","(117, 86)","(117, 87)","(117, 88)","(117, 89)","(116, 90)","(116, 89)","(115, 90)","(114, 90)"
"(118, 91)","(119, 91)","(120, 92)","(120, 91)"
"(118, 84)","(119, 84)","(119, 85)","(120, 86)","(120, 87)","(119, 88)","(120, 89)","(120, 88)","(121, 89)","(122, 89)","(123, 89)","(124, 89)","(125, 89)","(126, 89)","(127, 89)","(128, 89)","(128, 90)","(129, 91)","(129, 90)","(130, 90)","(131, 89)","(130, 88)"
"(133, 76)","(133, 77)","(134, 77)","(135, 77)","(136, 78)","(137, 78)","(137, 79)","(138, 79)","(139, 79)","(140, 79)","(141, 79)","(141, 80)","(141, 81)","(140, 81)","(139, 81)","(139, 82)","(139, 83)","(138, 82)","(137, 82)","(136, 83)","(136, 84)","(137, 85)","(136, 86)","(135, 86)","(134, 85)","(134, 86)","(133, 85)","(132, 85)","(131, 86)","(131, 85)","(130, 84)","(129, 83)","(128, 83)","(127, 82)","(128, 81)","(128, 80)","(127, 80)","(126, 79)","(125, 80)","(124, 79)","(123, 79)","(122, 79)","(121, 79)","(120, 78)","(120, 79)","(119, 79)"
"(118, 72)","(118, 73)","(117, 74)","(116, 74)","(116, 75)","(115, 75)","(115, 76)","(115, 77)","(115, 78)","(115, 79)","(116, 79)","(116, 80)","(116, 81)","(117, 81)","(118, 81)"
"(119, 75)","(119, 76)","(120, 77)","(121, 77)","(122, 77)","(123, 77)","(124, 77)","(125, 76)","(126, 76)","(126, 77)","(127, 77)","(127, 78)","(128, 77)","(129, 78)","(130, 78)","(131, 78)","(130, 79)","(130, 80)","(131, 80)"
"(131, 82)","(131, 83)","(132, 82)"
"(135, 80)","(135, 81)","(136, 80)"
"(139, 84)","(139, 85)","(138, 85)","(138, 86)","(138, 87)","(138, 88)","(138, 89)"
"(135, 88)","(136, 88)","(135, 89)","(135, 90)","(135, 91)","(136, 91)"
"(123, 82)","(123, 83)","(123, 84)","(123, 85)","(123, 86)","(124, 86)","(125, 85)","(125, 86)","(126, 85)","(126, 86)","(127, 86)","(128, 86)","(129, 85)"
"(125, 81)","(125, 82)","(126, 82)"
"(129, 67)","(129, 68)","(128, 69)","(129, 70)","(130, 70)","(129, 71)","(129, 72)","(130, 72)","(130, 73)","(130, 74)","(130, 75)","(130, 76)","(131, 76)"
"(138, 72)","(138, 73)","(137, 73)"
"(140, 68)","(139, 69)","(139, 70)","(138, 70)","(138, 71)","(137, 70)","(136, 69)","(136, 70)","(135, 69)","(134, 69)","(133, 69)"
"(130, 67)","(131, 67)","(131, 68)","(132, 69)","(132, 68)","(133, 67)"
"(132, 65)","(133, 65)","(133, 66)","(134, 65)","(135, 66)"
"(133, 61)","(134, 62)","(135, 61)","(135, 62)","(134, 63)","(134, 64)","(135, 64)","(136, 64)","(137, 63)","(138, 64)","(138, 65)","(139, 65)","(140, 65)"
"(140, 61)","(140, 62)","(141, 61)","(142, 61)","(142, 62)","(143, 63)"
"(141, 52)","(140, 53)","(139, 53)","(140, 54)","(140, 55)","(139, 56)","(139, 57)","(140, 58)","(141, 59)","(142, 59)"
"(136, 59)","(136, 60)","(137, 59)","(138, 59)"
"(134, 56)","(135, 57)","(135, 56)","(136, 57)","(137, 57)"
"(137, 50)","(137, 51)","(137, 52)","(138, 53)","(137, 53)","(136, 54)","(136, 53)","(135, 54)","(134, 54)","(133, 54)"
"(133, 56)","(132, 57)","(131, 57)","(130, 57)","(129, 57)"
"(136, 50)","(135, 51)","(134, 51)","(133, 51)","(132, 51)","(131, 51)","(130, 52)","(129, 51)","(129, 52)","(128, 52)","(129, 53)","(128, 54)","(129, 55)","(129, 54)","(130, 55)"
"(126, 52)","(127, 52)","(126, 53)","(126, 54)","(125, 53)"
"(119, 51)","(120, 51)","(120, 52)","(121, 53)","(122, 52)","(123, 52)","(124, 53)","(124, 54)","(123, 55)","(123, 56)","(122, 57)","(122, 58)","(123, 59)","(123, 58)","(124, 59)","(125, 59)","(126, 59)","(127, 60)","(128, 60)","(128, 61)","(128, 62)","(127, 63)","(128, 64)","(128, 63)","(129, 64)","(130, 65)","(130, 64)"
"(131, 59)","(130, 60)","(131, 60)","(132, 61)","(132, 60)","(133, 59)"
"(125, 47)","(124, 48)","(125, 48)","(126, 48)","(127, 48)","(128, 47)","(128, 48)","(129, 47)","(130, 48)","(131, 48)","(132, 47)","(132, 48)","(133, 47)","(134, 47)","(135, 47)","(136, 47)","(137, 48)","(137, 49)","(138, 49)","(139, 49)","(140, 49)","(141, 49)"
"(147, 40)","(147, 41)","(148, 41)","(148, 42)","(149, 43)","(149, 42)","(150, 43)"
"(147, 24)","(147, 25)","(148, 26)","(148, 27)","(148, 28)","(148, 29)","(149, 29)","(149, 30)","(149, 31)","(149, 32)","(149, 33)","(150, 34)","(150, 35)","(151, 36)","(151, 37)","(151, 38)","(151, 39)","(152, 40)","(152, 41)","(152, 42)","(151, 43)","(151, 44)","(151, 45)","(151, 46)","(151, 47)","(151, 48)","(151, 49)","(151, 50)","(152, 51)","(153, 51)","(154, 51)","(154, 52)","(154, 53)","(154, 54)","(155, 55)","(155, 56)","(156, 56)","(156, 57)","(156, 58)","(156, 59)","(156, 60)","(155, 61)","(155, 62)","(155, 63)","(155, 64)","(156, 65)","(156, 66)","(156, 67)","(156, 68)","(156, 69)","(156, 70)","(156, 71)","(156, 72)","(155, 73)","(155, 74)","(155, 75)","(155, 76)","(154, 76)","(154, 77)","(153, 78)","(153, 77)","(152, 78)","(151, 78)","(150, 78)","(150, 77)","(150, 76)","(150, 75)","(150, 74)","(150, 73)","(150, 72)"
"(151, 56)","(150, 57)","(150, 58)","(150, 59)","(151, 60)","(152, 61)","(153, 62)","(152, 63)","(153, 63)","(154, 64)","(153, 64)","(152, 65)","(151, 65)","(150, 65)","(150, 66)","(150, 67)","(149, 68)","(149, 69)","(150, 70)","(151, 70)","(151, 69)","(152, 68)","(152, 67)"
"(146, 71)","(146, 72)","(145, 72)","(145, 73)","(145, 74)","(144, 75)","(143, 74)","(142, 74)","(141, 75)","(141, 76)","(141, 77)","(141, 78)","(142, 78)","(143, 77)","(144, 76)","(144, 77)"
"(148, 73)","(148, 74)","(148, 75)","(148, 76)","(148, 77)","(149, 77)","(148, 78)","(147, 79)","(147, 80)","(147, 81)","(147, 82)","(147, 83)","(147, 84)","(147, 85)","(147, 86)","(146, 87)","(147, 88)","(147, 89)","(147, 90)","(147, 91)","(148, 91)","(149, 91)","(150, 92)","(149, 93)","(148, 93)"
"(151, 92)","(152, 92)","(153, 92)","(153, 93)","(154, 93)","(155, 94)","(156, 95)","(156, 94)","(157, 94)","(158, 94)","(159, 94)"
"(151, 94)","(152, 94)","(153, 95)","(154, 96)","(155, 97)","(155, 98)","(155, 99)","(155, 100)","(155, 101)","(155, 102)","(155, 103)","(155, 104)","(155, 105)","(155, 106)","(155, 107)","(155, 108)","(156, 109)","(157, 108)","(157, 107)","(157, 106)","(157, 105)","(157, 104)","(157, 103)","(157, 102)","(157, 101)","(157, 100)","(157, 99)","(157, 98)","(157, 97)"
"(157, 109)","(156, 110)","(156, 111)","(156, 112)","(156, 113)","(156, 114)","(156, 115)","(156, 116)","(155, 116)","(155, 117)","(155, 118)","(155, 119)","(155, 120)","(154, 121)","(154, 120)","(153, 119)","(153, 118)","(153, 117)"
"(154, 111)","(154, 112)","(154, 113)","(153, 114)"
"(139, 136)","(140, 136)","(140, 137)","(139, 138)","(138, 139)","(137, 140)"
"(133, 135)","(133, 136)","(134, 137)","(135, 138)","(136, 138)","(137, 138)","(138, 137)","(137, 136)","(137, 135)"
"(125, 128)","(126, 128)","(126, 129)","(125, 130)","(126, 130)","(126, 131)","(127, 131)","(127, 132)","(127, 133)","(128, 134)","(127, 135)","(127, 136)","(128, 137)","(129, 138)","(129, 137)","(129, 136)","(129, 135)","(129, 134)","(130, 134)","(131, 134)","(131, 133)","(131, 132)"
"(126, 125)","(127, 125)","(128, 126)","(129, 127)","(128, 128)","(128, 129)"
"(119, 126)","(120, 126)","(121, 126)","(122, 126)","(123, 126)","(124, 126)","(125, 126)","(125, 127)","(124, 128)","(123, 129)","(123, 130)","(123, 131)","(122, 132)","(122, 133)","(121, 133)","(120, 134)","(120, 133)","(119, 132)","(118, 131)","(118, 132)","(117, 133)","(116, 133)","(115, 132)"
"(113, 126)","(113, 127)","(112, 128)","(113, 128)","(113, 129)","(114, 129)","(114, 130)","(114, 131)","(115, 130)","(116, 129)","(116, 128)","(117, 128)","(118, 129)","(118, 128)","(118, 127)","(117, 126)"
"(116, 124)","(117, 124)","(117, 125)","(118, 124)","(119, 124)","(120, 124)","(121, 124)","(122, 124)","(123, 124)","(124, 124)"
"(118, 121)","(119, 121)","(120, 121)","(121, 121)","(122, 121)","(123, 122)","(124, 122)"
"(117, 121)","(116, 122)","(115, 122)","(114, 122)","(113, 122)","(112, 122)","(111, 123)","(112, 124)","(113, 124)","(114, 124)","(115, 124)","(115, 125)","(115, 126)"
"(107, 123)","(107, 124)","(106, 124)","(106, 125)","(105, 126)","(105, 125)","(104, 126)","(103, 126)","(102, 126)","(102, 127)","(101, 128)","(101, 127)","(100, 128)","(99, 128)","(99, 129)","(98, 129)","(97, 130)","(98, 130)","(99, 131)","(100, 131)","(101, 131)","(102, 131)","(103, 131)","(104, 130)","(105, 130)","(106, 129)","(107, 129)","(108, 128)","(108, 129)","(109, 128)","(110, 128)","(111, 128)","(111, 127)","(111, 126)","(110, 126)","(109, 125)","(108, 124)","(109, 124)","(110, 123)","(110, 124)"
"(111, 130)","(111, 131)","(112, 132)","(113, 133)","(112, 134)","(111, 134)","(110, 133)","(110, 134)","(109, 133)","(108, 133)","(107, 134)"
"(107, 131)","(107, 132)","(108, 131)"
"(105, 134)","(105, 135)","(105, 136)","(105, 137)","(105, 138)","(104, 139)","(105, 139)","(104, 140)","(103, 141)","(104, 141)","(105, 142)","(106, 143)","(107, 142)","(107, 141)","(107, 140)","(106, 139)","(107, 139)","(108, 138)","(109, 137)","(110, 137)","(111, 136)","(112, 136)"
"(114, 134)","(115, 135)","(115, 136)","(116, 135)","(117, 135)","(118, 135)"
"(116, 137)","(116, 138)","(116, 139)","(115, 138)"
"(111, 139)","(110, 140)","(109, 141)","(109, 142)"
"(110, 144)","(111, 144)","(112, 145)","(112, 146)"
"(113, 143)","(114, 144)","(114, 145)","(114, 146)","(115, 147)","(114, 148)","(113, 148)","(112, 149)","(111, 149)","(110, 150)","(110, 151)","(110, 152)","(109, 153)"
"(119, 153)","(120, 153)","(119, 154)","(118, 154)","(117, 154)","(116, 154)","(115, 154)","(114, 154)","(113, 154)","(112, 155)","(111, 155)","(110, 155)","(109, 155)","(108, 156)","(109, 157)","(108, 158)","(107, 158)","(108, 159)","(107, 160)"
"(102, 158)","(102, 159)","(101, 160)","(102, 160)","(103, 159)","(104, 159)","(105, 158)"
"(105, 155)","(105, 156)","(106, 156)","(107, 156)"
"(107, 149)","(107, 150)","(107, 151)","(107, 152)","(106, 153)","(107, 154)"
"(103, 150)","(103, 151)","(102, 152)","(102, 153)","(102, 154)","(103, 155)","(104, 154)","(105, 154)","(104, 153)","(104, 152)","(105, 152)","(105, 151)","(105, 150)","(104, 150)"
"(106, 146)","(105, 147)","(104, 147)","(104, 148)","(103, 149)","(102, 149)","(101, 150)","(100, 150)","(99, 149)","(99, 150)","(99, 151)","(98, 152)"
"(92, 150)","(93, 151)","(93, 152)","(94, 151)","(95, 151)","(96, 151)"
"(97, 147)","(97, 148)","(96, 149)","(96, 148)","(95, 149)","(95, 148)"
"(97, 144)","(98, 145)","(97, 146)","(96, 145)","(96, 146)","(95, 146)","(94, 147)","(93, 147)"
"(91, 132)","(92, 133)","(91, 134)","(90, 134)","(90, 135)","(91, 136)","(91, 137)","(91, 138)","(91, 139)","(91, 140)","(91, 141)","(92, 142)","(92, 143)","(92, 144)","(93, 144)","(94, 145)","(94, 144)","(95, 143)","(94, 142)","(95, 142)","(96, 142)"
"(98, 139)","(98, 140)","(98, 141)","(98, 142)","(99, 141)","(100, 140)","(100, 139)"
"(100, 141)","(100, 142)","(100, 143)"
"(101, 145)","(101, 146)","(101, 147)","(102, 147)"
"(105, 144)","(106, 145)","(107, 144)"
"(108, 146)","(109, 147)","(109, 148)"
"(114, 150)","(115, 150)","(114, 151)","(113, 152)"
"(115, 148)","(116, 148)","(116, 149)","(116, 150)","(117, 151)","(117, 152)","(116, 152)"
"(129, 154)","(128, 155)","(127, 155)","(126, 156)","(125, 156)","(124, 156)","(123, 156)","(122, 156)","(121, 156)","(120, 156)","(119, 156)","(118, 156)","(117, 157)","(118, 158)","(118, 159)"
"(111, 157)","(112, 157)","(113, 157)","(114, 157)","(115, 157)","(116, 157)","(116, 158)","(116, 159)","(115, 160)","(114, 159)"
"(115, 161)","(115, 162)","(116, 163)","(115, 164)"
"(112, 161)","(113, 162)","(113, 163)","(113, 164)"
"(115, 166)","(115, 167)","(114, 168)","(113, 167)","(112, 168)"
"(109, 164)","(109, 165)","(109, 166)"
"(107, 164)","(107, 165)","(106, 165)","(105, 165)"
"(111, 160)","(110, 161)","(110, 162)"
"(117, 161)","(117, 162)","(117, 163)","(118, 164)","(117, 165)"
"(118, 161)","(119, 162)","(119, 161)","(120, 161)"
"(123, 161)","(124, 162)","(123, 162)","(122, 163)","(121, 163)"
"(126, 163)","(127, 163)","(126, 164)","(125, 165)","(124, 164)","(124, 165)"
"(126, 166)","(127, 166)","(128, 166)"
"(125, 167)","(125, 168)","(124, 168)"
"(125, 170)","(125, 171)","(124, 171)","(125, 172)","(126, 173)","(127, 173)"
"(127, 171)","(128, 171)","(129, 171)"
"(119, 168)","(120, 169)","(121, 169)","(121, 170)","(120, 170)","(120, 171)","(120, 172)","(120, 173)"
"(120, 158)","(121, 158)","(122, 159)","(123, 160)","(123, 159)","(124, 158)","(125, 159)","(125, 160)","(126, 161)","(127, 161)"
"(121, 147)","(121, 148)","(122, 149)","(122, 148)"
"(121, 145)","(122, 145)","(123, 145)","(124, 145)"
"(123, 141)","(124, 141)","(125, 141)"
"(122, 141)","(121, 142)","(120, 142)"
"(119, 144)","(119, 145)","(118, 146)"
"(122, 136)","(122, 137)","(123, 138)"
"(124, 132)","(124, 133)","(125, 133)"
"(142, 150)","(143, 150)","(144, 151)","(144, 150)"
"(146, 150)","(146, 151)","(147, 150)","(148, 151)","(148, 150)"
"(89, 154)","(88, 155)","(87, 156)","(87, 157)","(86, 158)","(87, 158)","(88, 159)","(89, 160)","(89, 161)","(90, 161)","(91, 160)","(92, 160)","(93, 160)","(94, 159)","(95, 159)","(96, 159)","(96, 158)","(96, 157)","(96, 156)","(97, 156)","(98, 155)","(98, 156)","(99, 156)"
"(94, 153)","(95, 153)","(96, 153)","(96, 154)","(95, 155)","(94, 155)","(93, 156)"
"(91, 155)","(90, 156)","(90, 157)","(91, 158)","(92, 158)"
"(82, 152)","(82, 153)","(83, 154)"
"(88, 146)","(88, 147)","(88, 148)","(87, 149)","(86, 150)","(85, 150)","(85, 151)","(84, 152)","(83, 152)","(82, 151)","(83, 150)","(82, 149)"
"(88, 141)","(87, 142)","(86, 143)","(87, 143)","(86, 144)","(86, 145)","(85, 145)","(85, 146)","(85, 147)","(84, 147)","(84, 148)","(83, 148)","(83, 149)","(82, 148)","(81, 147)"
"(80, 156)","(79, 157)","(80, 157)","(81, 156)"
"(100, 132)","(100, 133)","(99, 133)","(98, 133)","(97, 134)","(97, 135)","(97, 136)","(96, 137)","(95, 138)","(94, 139)","(93, 138)","(93, 137)","(92, 136)","(93, 135)","(94, 136)","(95, 135)","(95, 134)"
"(92, 123)","(92, 124)","(93, 125)","(93, 126)","(93, 127)","(94, 128)","(94, 129)","(95, 130)","(94, 131)","(94, 130)","(93, 131)","(92, 130)","(92, 129)","(92, 128)","(91, 127)","(91, 126)"
"(91, 120)","(91, 121)","(91, 122)","(90, 123)","(90, 124)"
"(90, 115)","(90, 116)","(90, 117)","(90, 118)","(90, 119)","(89, 120)","(89, 121)"
"(89, 107)","(89, 108)","(89, 109)","(89, 110)","(89, 111)","(89, 112)","(89, 113)","(89, 114)","(88, 115)","(88, 116)","(88, 117)"
"(82, 102)","(82, 103)","(82, 104)","(82, 105)","(82, 106)","(82, 107)","(82, 108)","(82, 109)","(82, 110)","(82, 111)","(82, 112)","(83, 113)","(83, 114)","(83, 115)","(83, 116)","(83, 117)","(83, 118)","(83, 119)","(84, 120)","(84, 121)","(84, 122)","(83, 123)","(82, 122)","(82, 121)"
"(80, 112)","(80, 113)","(81, 114)","(81, 115)","(81, 116)","(81, 117)","(81, 118)"
"(77, 111)","(77, 112)","(77, 113)","(77, 114)","(77, 115)","(77, 116)","(77, 117)","(77, 118)","(77, 119)","(77, 120)"
"(75, 110)","(75, 111)","(75, 112)","(75, 113)","(74, 114)","(74, 115)","(74, 116)","(74, 117)","(74, 118)","(75, 118)","(75, 119)","(75, 120)","(75, 121)"
"(83, 124)","(83, 125)","(83, 126)","(84, 127)","(85, 126)","(85, 125)","(85, 124)"
"(86, 127)","(86, 128)","(87, 129)","(87, 130)","(87, 131)","(86, 132)","(86, 133)"
"(84, 128)","(84, 129)","(85, 129)","(85, 130)","(85, 131)"
"(67, 130)","(67, 131)","(67, 132)","(66, 133)","(66, 134)","(66, 135)","(66, 136)"
"(65, 128)","(65, 129)","(65, 130)","(65, 131)"
"(64, 125)","(64, 126)","(65, 127)","(66, 126)","(66, 125)"
"(64, 118)","(64, 119)","(64, 120)","(63, 121)","(63, 122)","(63, 123)","(64, 124)","(65, 123)","(65, 122)","(65, 121)"
"(67, 116)","(67, 117)","(66, 118)"
"(61, 108)","(62, 108)","(61, 109)","(61, 110)","(60, 111)","(60, 112)","(61, 113)","(62, 112)","(63, 113)","(63, 114)","(63, 115)","(63, 116)","(62, 117)","(62, 118)","(62, 119)"
"(59, 112)","(59, 113)","(58, 113)","(58, 114)","(57, 114)","(57, 115)","(56, 116)","(56, 115)","(55, 116)","(54, 116)","(54, 117)","(53, 117)","(53, 118)","(52, 118)","(52, 119)","(51, 120)","(51, 119)","(50, 120)","(49, 121)","(48, 122)","(48, 121)","(47, 122)","(46, 122)","(46, 123)","(45, 124)","(45, 123)","(44, 124)","(43, 124)","(43, 125)","(42, 126)","(42, 125)","(41, 126)","(40, 126)","(40, 127)","(39, 127)","(39, 128)","(40, 129)","(39, 130)"
"(37, 128)","(38, 128)","(37, 129)","(36, 129)","(36, 130)","(35, 130)","(35, 131)","(34, 131)","(34, 132)","(33, 132)","(33, 133)","(32, 133)","(32, 134)","(31, 134)","(31, 135)","(30, 135)","(30, 136)","(29, 136)","(29, 137)","(29, 138)","(28, 139)","(28, 140)","(27, 141)","(27, 142)","(26, 143)","(26, 144)","(25, 145)","(25, 146)","(25, 147)","(24, 148)","(24, 149)","(23, 150)","(23, 151)","(23, 152)","(23, 153)","(22, 154)","(22, 155)","(22, 156)","(22, 157)","(22, 158)","(22, 159)","(22, 160)","(22, 161)","(22, 162)","(22, 163)","(22, 164)","(22, 165)","(22, 166)","(22, 167)","(22, 168)","(22, 169)","(22, 170)","(22, 171)","(22, 172)","(22, 173)","(22, 174)","(23, 174)","(23, 175)","(23, 176)","(23, 177)","(23, 178)","(23, 179)"
"(65, 106)","(65, 107)","(64, 108)","(64, 107)"
"(67, 106)","(67, 107)","(67, 108)","(67, 109)"
"(79, 102)","(80, 103)","(80, 104)","(80, 105)","(80, 106)","(80, 107)","(80, 108)","(80, 109)"
"(85, 102)","(85, 103)","(86, 102)","(87, 103)","(87, 102)"
"(91, 97)","(90, 98)","(89, 99)","(89, 100)","(89, 101)","(88, 102)","(88, 101)","(87, 100)","(86, 99)"
"(114, 101)","(113, 102)","(112, 103)","(111, 103)","(111, 104)","(110, 104)","(110, 105)","(110, 106)","(110, 107)","(111, 107)"
"(116, 102)","(115, 103)","(114, 104)","(113, 105)","(113, 106)","(113, 107)","(113, 108)","(114, 108)","(114, 109)","(114, 110)"
"(127, 100)","(126, 101)","(125, 101)","(125, 102)","(125, 103)","(124, 103)","(123, 103)","(122, 103)","(121, 104)","(120, 104)","(120, 105)","(119, 106)","(120, 107)","(121, 107)"
"(115, 101)","(116, 101)","(117, 101)","(118, 101)","(119, 101)","(120, 101)"
"(108, 71)","(109, 71)","(108, 72)","(107, 73)","(107, 72)","(106, 73)","(105, 73)","(105, 74)","(105, 75)","(104, 75)","(104, 76)","(103, 76)","(103, 77)","(103, 78)","(102, 79)","(102, 78)","(101, 79)"
"(110, 68)","(110, 69)","(109, 70)","(108, 69)"
"(109, 62)","(110, 62)","(110, 63)","(110, 64)","(110, 65)","(109, 65)","(109, 66)","(108, 66)","(108, 67)","(108, 68)","(107, 67)","(106, 67)"
"(105, 59)","(105, 60)","(106, 60)","(107, 60)","(107, 61)","(107, 62)","(108, 62)","(109, 61)","(109, 60)","(109, 59)"
"(101, 56)","(101, 57)","(102, 57)","(103, 57)","(104, 57)","(105, 58)","(106, 58)","(107, 58)"
"(101, 55)","(102, 55)","(103, 55)","(104, 55)","(105, 55)","(106, 55)"
"(107, 50)","(106, 51)","(107, 51)","(108, 52)","(108, 51)","(109, 52)","(110, 52)","(111, 52)","(112, 52)","(112, 53)","(112, 54)"
"(114, 53)","(114, 54)","(115, 54)","(115, 55)","(115, 56)","(116, 57)","(116, 56)","(117, 57)","(118, 57)","(119, 58)","(120, 57)","(120, 58)","(119, 59)","(119, 60)","(119, 61)","(119, 62)","(119, 63)","(120, 64)","(120, 65)","(120, 66)","(120, 67)","(120, 68)","(120, 69)","(121, 69)","(122, 68)","(122, 67)","(122, 66)","(122, 65)","(122, 64)","(122, 63)","(121, 62)","(121, 61)"
"(117, 62)","(117, 63)","(117, 64)","(117, 65)","(117, 66)","(117, 67)","(117, 68)","(117, 69)","(117, 70)","(117, 71)","(116, 72)","(115, 72)"
"(122, 69)","(123, 70)","(124, 70)","(125, 69)","(126, 69)"
"(141, 72)","(141, 73)","(142, 72)","(142, 73)"
"(152, 56)","(152, 57)","(152, 58)","(153, 59)","(153, 58)"
"(135, 38)","(135, 39)","(135, 40)"
"(127, 36)","(126, 37)","(126, 38)","(126, 39)","(126, 40)","(125, 40)","(125, 41)","(126, 42)","(127, 42)","(128, 41)","(127, 40)","(128, 39)","(128, 40)","(129, 39)","(129, 38)","(129, 37)","(128, 36)","(129, 36)","(130, 37)","(131, 37)","(132, 37)","(133, 38)","(134, 37)","(134, 36)"
"(129, 41)","(130, 42)","(131, 42)","(132, 42)","(133, 42)"
"(121, 41)","(122, 41)","(123, 41)","(124, 42)","(124, 41)"
"(120, 42)","(120, 43)","(121, 43)","(121, 44)","(121, 45)","(121, 46)","(122, 47)","(123, 48)","(122, 48)","(121, 49)","(121, 48)","(120, 49)","(119, 48)","(118, 47)","(118, 48)","(117, 47)","(116, 46)","(116, 47)","(115, 47)","(116, 48)","(116, 49)","(115, 49)","(114, 48)","(114, 49)","(113, 48)"
"(118, 50)","(117, 51)","(117, 52)","(117, 53)","(117, 54)"
"(120, 39)","(119, 40)","(119, 41)","(119, 42)","(118, 43)","(118, 44)","(118, 45)"
"(118, 31)","(119, 31)","(118, 32)","(117, 32)","(117, 33)","(118, 34)","(117, 34)","(117, 35)","(116, 35)","(116, 36)","(115, 36)","(114, 36)","(115, 37)","(115, 38)","(116, 38)","(117, 39)","(117, 38)","(118, 39)","(119, 38)","(119, 37)","(119, 36)","(120, 36)","(121, 36)","(122, 37)","(122, 36)","(122, 35)","(122, 34)","(122, 33)","(123, 33)","(124, 33)"
"(124, 29)","(125, 29)","(125, 30)","(126, 31)","(125, 32)","(124, 31)","(123, 31)"
"(123, 28)","(123, 29)","(122, 29)","(121, 30)"
"(140, 20)","(140, 21)","(139, 21)","(140, 22)","(140, 23)","(141, 23)","(142, 23)","(143, 23)","(143, 24)","(143, 25)","(143, 26)","(144, 26)","(145, 27)","(145, 28)","(145, 29)","(145, 30)","(145, 31)","(146, 32)","(146, 31)","(147, 31)"
"(117, 8)","(118, 8)","(119, 8)","(120, 8)","(121, 8)","(122, 8)","(123, 8)","(124, 8)","(125, 9)","(126, 9)","(127, 9)","(128, 10)","(128, 9)","(129, 10)","(130, 11)","(131, 12)","(131, 11)","(132, 12)","(133, 13)","(133, 12)","(134, 13)","(135, 13)","(136, 14)","(136, 13)","(137, 14)","(138, 14)","(139, 15)","(140, 15)","(140, 16)","(140, 17)","(141, 17)","(141, 18)","(141, 19)","(142, 20)","(143, 19)","(142, 18)","(143, 18)","(144, 19)","(144, 20)","(145, 20)","(145, 21)","(145, 22)","(146, 22)","(146, 23)","(145, 24)"
"(105, 46)","(105, 47)","(105, 48)","(105, 49)","(105, 50)","(104, 50)","(103, 50)"
